time_us,pwm,pos
100004,0,0.0
200004,0,0.0
300008,0,0.0
400016,0,0.0
500024,0,0.0
600032,0,0.0
700032,-137,0.0
800032,-137,-48.0
900040,-137,-108.0
1000048,-137,-167.0
1100048,-137,-227.0
1200048,-137,-287.0
1300056,-137,-346.0
1400056,101,-406.0
1500056,101,-379.0
1600060,101,-334.0
1700068,101,-289.0
1800068,101,-244.0
1900068,101,-200.0
2000068,101,-155.0
2100068,185,-110.0
2200068,185,-35.0
2300076,185,49.0
2400084,185,133.0
2500092,185,216.0
2600096,185,300.0
2700096,185,384.0
2800184,-165,467.0
2900184,-165,424.0
3000188,-165,351.0
3100192,-165,278.0
3200200,-165,204.0
3300200,-165,131.0
3400204,-165,57.0
3500208,69,-17.0
3600208,69,-4.0
3700208,69,26.0
3800208,69,57.0
3900208,69,87.0
4000208,69,118.0
4100212,69,149.0
4200212,-221,179.0
4300212,-221,108.0
4400216,-221,9.0
4500220,-221,-89.0
4600224,-221,-188.0
4700224,-221,-287.0
4800228,-221,-386.0
4900236,-159,-485.0
5000240,-159,-562.0
5100240,-159,-633.0
5200244,-159,-705.0
5300252,-159,-776.0
5400256,-159,-848.0
5500268,-159,-920.0
5600268,79,-991.0
5700276,79,-974.0
5800280,79,-939.0
5900280,79,-904.0
6000280,79,-868.0
6100288,79,-833.0
6200292,79,-798.0
6300292,-177,-762.0
6400300,-177,-819.0
6500304,-177,-898.0
6600304,-177,-977.0
6700304,-177,-1056.0
6800304,-177,-1135.0
6900308,-177,-1215.0
7000312,-211,-1294.0
7100312,-211,-1385.0
7200312,-211,-1479.0
7300316,-211,-1573.0
7400324,-211,-1668.0
7500324,-211,-1762.0
7600324,-211,-1857.0
7700324,-231,-1951.0
7800328,-231,-2052.0
7900328,-231,-2156.0
8000332,-231,-2259.0
8100332,-231,-2362.0
8200340,-231,-2466.0
8300340,-231,-2569.0
8400352,194,-2673.0
8500360,194,-2622.0
8600360,194,-2535.0
8700360,194,-2446.0
8800360,194,-2358.0
8900360,194,-2270.0
9000364,194,-2182.0
9100368,71,-2094.0
9200368,71,-2051.0
9300372,71,-2019.0
9400372,71,-1988.0
9500376,71,-1956.0
9600384,71,-1924.0
9700392,71,-1893.0
9800400,107,-1861.0
9900404,107,-1816.0
10000404,107,-1768.0
10100404,107,-1720.0
10200412,107,-1672.0
10300424,107,-1623.0
10400428,107,-1575.0
10500436,-179,-1527.0
10600444,-179,-1583.0
10700448,-179,-1663.0
10800452,-179,-1743.0
10900456,-179,-1823.0
11000456,-179,-1903.0
11100456,-179,-1983.0
11200456,-242,-2063.0
11300460,-242,-2165.0
11400468,-242,-2273.0
11500468,-242,-2382.0
11600472,-242,-2490.0
11700480,-242,-2598.0
11800480,-242,-2707.0
11900480,-87,-2815.0
12000488,-87,-2868.0
12100488,-87,-2907.0
12200492,-87,-2945.0
12300496,-87,-2984.0
12400500,-87,-3022.0
12500504,-87,-3060.0
12600508,-94,-3099.0
12700512,-94,-3140.0
12800512,-94,-3181.0
12900516,-94,-3223.0
13000524,-94,-3265.0
13100528,-94,-3306.0
13200532,-94,-3348.0
13300532,-127,-3390.0
13400532,-127,-3443.0
13500536,-127,-3500.0
13600540,-127,-3556.0
13700548,-127,-3613.0
13800552,-127,-3669.0
13900556,-127,-3726.0
14000696,-116,-3782.0
14100704,-116,-3835.0
14200708,-116,-3887.0
14300712,-116,-3938.0
14400712,-116,-3990.0
14500716,-116,-4042.0
14600720,-116,-4093.0
14700728,-116,-4145.0
14800732,-131,-4202.0
14900732,-131,-4261.0
15000736,-131,-4319.0
15100736,-131,-4378.0
15200736,-131,-4436.0
15300740,-131,-4495.0
15400740,225,-4553.0
15500744,225,-4483.0
15600752,225,-4381.0
15700752,225,-4279.0
15800756,225,-4177.0
15900760,225,-4075.0
16000764,225,-3972.0
16100920,241,-3870.0
16200920,241,-3762.0
16300928,241,-3653.0
16400932,241,-3543.0
16500932,241,-3433.0
16600936,241,-3324.0
16700940,241,-3214.0
16800940,82,-3105.0
16900948,82,-3053.0
17000948,82,-3016.0
17100952,82,-2979.0
17200952,82,-2942.0
17300952,82,-2906.0
17400956,82,-2869.0
17500960,-114,-2832.0
17600964,-114,-2867.0
17700972,-114,-2918.0
17800976,-114,-2969.0
17900976,-114,-3020.0
18000976,-114,-3070.0
18100984,-114,-3121.0
18201148,-60,-3172.0
18301152,-60,-3203.0
18401152,-60,-3230.0
18501152,-60,-3256.0
18601156,-60,-3282.0
18701156,-60,-3308.0
18801156,-60,-3335.0
18901160,214,-3361.0
19001164,214,-3289.0
19101168,214,-3192.0
19201168,214,-3095.0
19301172,214,-2998.0
19401180,214,-2901.0
19501188,214,-2804.0
19601192,232,-2706.0
19701196,232,-2603.0
19801196,232,-2498.0
19901196,232,-2392.0
20001200,232,-2287.0
20101200,232,-2182.0
20201200,232,-2076.0
20301200,-100,-1971.0
20401204,-100,-1988.0
20501204,-100,-2033.0
20601212,-100,-2078.0
20701212,-100,-2122.0
20801212,-100,-2167.0
20901212,-100,-2212.0
21001216,222,-2257.0
21101216,222,-2184.0
21201216,222,-2084.0
21301224,222,-1983.0
21401224,222,-1882.0
21501232,222,-1781.0
21601236,222,-1681.0
21701236,177,-1580.0
21801236,177,-1495.0
21901244,177,-1415.0
22001252,177,-1335.0
22101252,177,-1254.0
22201252,177,-1174.0
22301252,177,-1094.0
22401256,-74,-1014.0
22501260,-74,-1026.0
22601268,-74,-1059.0
22701268,-74,-1092.0
22801276,-74,-1124.0
22901284,-74,-1157.0
23001284,-74,-1189.0
23101292,236,-1222.0
23201300,236,-1144.0
23301300,236,-1037.0
23401308,236,-929.0
23501316,236,-822.0
23601320,236,-715.0
23701324,236,-607.0
23801324,-86,-500.0
23901324,-86,-512.0
24001328,-86,-550.0
24101328,-86,-588.0
24201336,-86,-626.0
24301340,-86,-664.0
24401344,-86,-702.0
24501352,-127,-740.0
24601356,-127,-793.0
24701356,-127,-850.0
24801364,-127,-906.0
24901372,-127,-963.0
25001376,-127,-1019.0
25101380,-127,-1076.0
25201384,-150,-1132.0
25301392,-150,-1197.0
25401392,-150,-1264.0
25501400,-150,-1331.0
25601408,-150,-1398.0
25701412,-150,-1466.0
25801412,-150,-1533.0
25901412,240,-1600.0
26001420,240,-1526.0
26101424,240,-1417.0
26201428,240,-1308.0
26301436,240,-1199.0
26401440,240,-1090.0
26501440,240,-981.0
26601444,-69,-872.0
26701448,-69,-876.0
26801452,-69,-907.0
26901460,-69,-937.0
27001464,-69,-967.0
27101468,-69,-998.0
27201476,-69,-1028.0
27301484,-233,-1058.0
27401488,-233,-1148.0
27501492,-233,-1252.0
27601496,-233,-1356.0
27701496,-233,-1460.0
27801496,-233,-1565.0
27901500,-233,-1669.0
28001500,-235,-1774.0
28101504,-235,-1879.0
28201508,-235,-1984.0
28301512,-235,-2089.0
28401516,-235,-2195.0
28501520,-235,-2300.0
28601520,-235,-2405.0
28701520,-241,-2511.0
28801524,-241,-2618.0
28901528,-241,-2726.0
29001532,-241,-2834.0
29101536,-241,-2942.0
29201544,-241,-3050.0
29301544,-241,-3158.0
29401548,248,-3266.0
29501548,248,-3197.0
29601556,248,-3085.0
29701556,248,-2972.0
29801556,248,-2859.0
29901556,248,-2746.0
30001560,248,-2633.0
30101560,-193,-2520.0
30201568,-193,-2569.0
30301576,-193,-2655.0
30401576,-193,-2741.0
30501580,-193,-2828.0
30601588,-193,-2914.0
30701588,-193,-3000.0
30801592,105,-3087.0
30901592,105,-3063.0
31001596,105,-3016.0
31101604,105,-2969.0
31201604,105,-2921.0
31301608,105,-2874.0
31401612,105,-2827.0
31501620,-92,-2779.0
31601628,-92,-2806.0
31701628,-92,-2847.0
31801636,-92,-2888.0
31901636,-92,-2929.0
32001640,-92,-2969.0
32101644,-92,-3010.0
32201644,224,-3051.0
32301644,224,-2977.0
32401652,224,-2876.0
32501652,224,-2774.0
32601656,224,-2672.0
32701660,224,-2570.0
32801664,224,-2469.0
32901684,-116,-2367.0
33001688,-116,-2389.0
33101688,-116,-2441.0
33201696,-116,-2493.0
33301704,-116,-2544.0
33401708,-116,-2596.0
33501712,-116,-2648.0
33601720,-116,-2699.0
33701728,141,-2658.0
33801728,141,-2594.0
33901732,141,-2530.0
34001736,141,-2467.0
34101736,141,-2403.0
34201744,141,-2339.0
34301744,182,-2275.0
34401744,182,-2196.0
34501748,182,-2114.0
34601756,182,-2031.0
34701764,182,-1949.0
34801764,182,-1866.0
34901772,182,-1783.0
35001916,148,-1701.0
35101916,148,-1630.0
35201916,148,-1563.0
35301924,148,-1496.0
35401928,148,-1429.0
35501936,148,-1362.0
35601936,148,-1295.0
35701940,-226,-1227.0
35801940,-226,-1296.0
35901944,-226,-1397.0
36001944,-226,-1498.0
36101960,-226,-1600.0
36201964,-226,-1701.0
36301964,-226,-1802.0
36401972,-233,-1903.0
36501976,-233,-2007.0
36601976,-233,-2111.0
36701980,-233,-2215.0
36801984,-233,-2320.0
36901992,-233,-2424.0
37001996,-233,-2529.0
37102136,-156,-2633.0
37202140,-156,-2711.0
37302144,-156,-2781.0
37402152,-156,-2851.0
37502160,-156,-2921.0
37602168,-156,-2991.0
37702172,-156,-3060.0
37802176,-166,-3130.0
37902180,-166,-3203.0
38002180,-166,-3278.0
38102180,-166,-3352.0
38202180,-166,-3426.0
38302184,-166,-3501.0
38402192,-166,-3575.0
38502192,99,-3649.0
38602200,99,-3625.0
38702200,99,-3581.0
38802208,99,-3536.0
38902212,99,-3491.0
39002216,99,-3447.0
39102220,99,-3402.0
39202228,239,-3357.0
39302232,239,-3262.0
39402240,239,-3153.0
39502248,239,-3045.0
39602248,239,-2936.0
39702256,239,-2827.0
39802264,239,-2718.0
39902264,124,-2610.0
40002264,124,-2542.0
40102272,124,-2486.0
40202272,124,-2430.0
40302280,124,-2373.0
40402288,124,-2317.0
40502292,124,-2261.0
40602296,209,-2205.0
40702296,209,-2119.0
40802304,209,-2024.0
40902312,209,-1928.0
41002312,209,-1833.0
41102320,209,-1738.0
41202324,209,-1643.0
41302328,-103,-1548.0
41402328,-103,-1569.0
41502328,-103,-1615.0
41602328,-103,-1661.0
41702336,-103,-1706.0
41802336,-103,-1752.0
41902336,-103,-1798.0
42002336,-98,-1844.0
42102336,-98,-1888.0
42202340,-98,-1931.0
42302340,-98,-1975.0
42402340,-98,-2018.0
42502344,-98,-2062.0
42602344,-98,-2106.0
42702352,100,-2149.0
42802360,100,-2119.0
42902364,100,-2074.0
43002372,100,-2029.0
43102372,100,-1985.0
43202376,100,-1940.0
43302380,100,-1895.0
43402380,-61,-1850.0
43502384,-61,-1866.0
43602384,-61,-1893.0
43702388,-61,-1920.0
43802392,-61,-1946.0
43902392,-61,-1973.0
44002400,-61,-2000.0
44102408,-172,-2027.0
44202416,-172,-2094.0
44302420,-172,-2171.0
44402420,-172,-2247.0
44502420,-172,-2325.0
44602424,-172,-2401.0
44702424,-172,-2478.0
44802424,166,-2555.0
44902424,166,-2507.0
45002428,166,-2432.0
45102432,166,-2356.0
45202436,166,-2281.0
45302436,166,-2206.0
45402444,166,-2130.0
45502444,222,-2055.0
45602444,222,-1960.0
45702448,222,-1859.0
45802448,222,-1758.0
45902452,222,-1657.0
46002460,222,-1556.0
46102460,222,-1455.0
46202460,78,-1354.0
46302468,78,-1305.0
46402472,78,-1270.0
46502476,78,-1236.0
46602484,78,-1201.0
46702484,78,-1166.0
46802488,78,-1131.0
46902488,-251,-1096.0
47002492,-251,-1180.0
47102492,-251,-1292.0
47202500,-251,-1404.0
47302508,-251,-1517.0
47402508,-251,-1629.0
47502512,-251,-1742.0
47602516,-76,-1854.0
47702524,-76,-1905.0
47802524,-76,-1939.0
47902532,-76,-1972.0
48002540,-76,-2006.0
48102540,-76,-2039.0
48202544,-76,-2073.0
48302552,79,-2106.0
48402556,79,-2082.0
48502556,79,-2046.0
48602560,79,-2011.0
48702564,79,-1975.0
48802568,79,-1939.0
48902568,79,-1903.0
49002568,-193,-1867.0
49102572,-193,-1931.0
49202580,-193,-2017.0
49302588,-193,-2104.0
49402592,-193,-2190.0
49502600,-193,-2277.0
49602600,-193,-2363.0
49702604,-158,-2449.0
49802608,-158,-2524.0
49902608,-158,-2594.0
50002612,-158,-2665.0
50102620,-158,-2736.0
50202624,-158,-2807.0
50302632,-158,-2877.0
50402632,237,-2948.0
50502632,237,-2874.0
50602640,237,-2767.0
50702644,237,-2659.0
50802652,237,-2551.0
50902660,237,-2443.0
51002664,237,-2335.0
51102664,-166,-2227.0
51202664,-166,-2268.0
51302668,-166,-2342.0
51402668,-166,-2416.0
51502672,-166,-2490.0
51602680,-166,-2565.0
51702680,-166,-2639.0
51802684,-249,-2713.0
51902684,-249,-2816.0
52002688,-249,-2928.0
52102688,-249,-3040.0
52202692,-249,-3151.0
52302692,-249,-3263.0
52402696,-249,-3374.0
52502704,-196,-3486.0
52602712,-196,-3580.0
52702716,-196,-3669.0
52802716,-196,-3759.0
52902720,-196,-3848.0
53002720,-196,-3938.0
53102728,-196,-4027.0
53202732,-153,-4117.0
53302732,-153,-4190.0
53402732,-153,-4259.0
53502732,-153,-4327.0
53602736,-153,-4395.0
53702740,-153,-4464.0
53802744,-153,-4532.0
53902748,-175,-4601.0
54002756,-175,-4677.0
54102756,-175,-4756.0
54202756,-175,-4834.0
54302760,-175,-4912.0
54402760,-175,-4991.0
54502768,-175,-5069.0
54602772,184,-5148.0
54702776,184,-5093.0
54802776,184,-5010.0
54902776,184,-4926.0
55002784,184,-4843.0
55102784,184,-4759.0
55202784,184,-4676.0
55302792,-168,-4592.0
55402796,-168,-4638.0
55502800,-168,-4713.0
55602800,-168,-4789.0
55702808,-168,-4864.0
55802812,-168,-4939.0
55902812,-168,-5014.0
56002812,161,-5089.0
56102820,161,-5043.0
56202824,161,-4971.0
56302824,161,-4898.0
56402828,161,-4825.0
56502832,161,-4752.0
56602832,161,-4679.0
56702840,-208,-4606.0
56802840,-208,-4669.0
56902848,-208,-4762.0
57002848,-208,-4855.0
57102848,-208,-4948.0
57202856,-208,-5041.0
57302856,-208,-5135.0
57402860,-210,-5228.0
57502864,-210,-5322.0
57602864,-210,-5416.0
57702864,-210,-5510.0
57802868,-210,-5604.0
57902868,-210,-5698.0
58002868,-210,-5792.0
58102872,167,-5887.0
58202880,167,-5841.0
58302884,167,-5766.0
58402888,167,-5690.0
58502888,167,-5614.0
58602892,167,-5538.0
58702896,167,-5462.0
58802900,222,-5387.0
58902908,222,-5291.0
59002916,222,-5190.0
59102916,222,-5089.0
59202932,222,-4988.0
59302936,222,-4887.0
59402940,222,-4786.0
59502952,-237,-4685.0
59602960,-237,-4751.0
59702964,-237,-4857.0
59802972,-237,-4963.0
59902976,-237,-5070.0
60002980,-237,-5176.0
60102980,-237,-5282.0
60202984,163,-5388.0
60302984,163,-5348.0
60402984,163,-5274.0
60502988,163,-5200.0
60602992,163,-5126.0
60702992,163,-5052.0
60802996,163,-4978.0
60903004,177,-4904.0
61003008,177,-4825.0
61103008,177,-4745.0
61203012,177,-4665.0
61303016,177,-4584.0
61403016,177,-4504.0
61503016,177,-4423.0
61603020,-74,-4343.0
61703020,-74,-4358.0
61803028,-74,-4391.0
61903032,-74,-4423.0
62003040,-74,-4456.0
62103040,-74,-4488.0
62203040,-74,-4521.0
62303040,-213,-4553.0
62403048,-213,-4636.0
62503052,-213,-4732.0
62603052,-213,-4827.0
62703052,-213,-4923.0
62803060,-213,-5018.0
62903060,-213,-5114.0
63003064,-73,-5209.0
63103068,-73,-5255.0
63203076,-73,-5287.0
63303084,-73,-5319.0
63403088,-73,-5352.0
63503096,-73,-5384.0
63603096,-73,-5416.0
63703100,-170,-5449.0
63803108,-170,-5516.0
63903112,-170,-5592.0
64003116,-170,-5668.0
64103116,-170,-5745.0
64203116,-170,-5821.0
64303124,-170,-5897.0
64403124,-166,-5973.0
64503132,-166,-6048.0
64603136,-166,-6122.0
64703140,-166,-6196.0
64803148,-166,-6271.0
64903152,-166,-6345.0
65003156,-166,-6419.0
65103160,123,-6494.0
65203160,123,-6460.0
65303160,123,-6404.0
65403164,123,-6349.0
65503164,123,-6293.0
65603164,123,-6238.0
65703168,123,-6182.0
65803176,-68,-6127.0
65903176,-68,-6143.0
66003176,-68,-6173.0
66103176,-68,-6203.0
66203176,-68,-6233.0
66303180,-68,-6262.0
66403188,-68,-6292.0
66503188,237,-6322.0
66603200,237,-6241.0
66703208,237,-6134.0
66803216,237,-6026.0
66903216,237,-5919.0
67003216,237,-5811.0
67103224,237,-5703.0
67203224,254,-5595.0
67303228,254,-5482.0
67403228,254,-5366.0
67503236,254,-5250.0
67603240,254,-5135.0
67703240,254,-5019.0
67803248,254,-4904.0
67903248,-220,-4788.0
68003252,-220,-4844.0
68103252,-220,-4943.0
68203260,-220,-5041.0
68303264,-220,-5140.0
68403268,-220,-5238.0
68503272,-220,-5337.0
68603272,196,-5436.0
68703276,196,-5380.0
68803280,196,-5290.0
68903280,196,-5200.0
69003288,196,-5111.0
69103288,196,-5021.0
69203288,196,-4932.0
69303288,-183,-4842.0
69403288,-183,-4893.0
69503288,-183,-4975.0
69603288,-183,-5057.0
69703296,-183,-5139.0
69803296,-183,-5221.0
69903304,-183,-5303.0
70003304,-103,-5385.0
70103304,-103,-5438.0
70203312,-103,-5484.0
70303312,-103,-5530.0
70403316,-103,-5576.0
70503316,-103,-5622.0
70603316,-103,-5668.0
70703324,-119,-5714.0
70803332,-119,-5765.0
70903332,-119,-5818.0
71003332,-119,-5872.0
71103340,-119,-5925.0
71203344,-119,-5978.0
71303344,-119,-6031.0
71403348,-135,-6084.0
71503352,-135,-6143.0
71603352,-135,-6202.0
71703352,-135,-6262.0
71803352,-135,-6322.0
71903360,-135,-6381.0
72003364,-135,-6441.0
72103372,207,-6501.0
72203372,207,-6435.0
72303380,207,-6341.0
72403388,207,-6247.0
72503388,207,-6153.0
72603388,207,-6059.0
72703388,207,-5965.0
72803392,-158,-5871.0
72903396,-158,-5912.0
73003396,-158,-5983.0
73103396,-158,-6053.0
73203404,-158,-6124.0
73303408,-158,-6195.0
73403408,-158,-6266.0
73503416,-184,-6336.0
73603436,-184,-6417.0
73703440,-184,-6499.0
73803448,-184,-6582.0
73903448,-184,-6664.0
74003448,-184,-6747.0
74103452,-184,-6830.0
74203456,122,-6912.0
74303456,122,-6880.0
74403456,122,-6825.0
74503456,122,-6770.0
74603456,122,-6714.0
74703456,122,-6659.0
74803460,122,-6604.0
74903460,-88,-6549.0
75003468,-88,-6574.0
75103468,-88,-6613.0
75203472,-88,-6652.0
75303476,-88,-6691.0
75403476,-88,-6730.0
75503480,-88,-6769.0
75603484,194,-6808.0
75703488,194,-6743.0
75803496,194,-6655.0
75903496,194,-6566.0
76003496,194,-6478.0
76103500,194,-6390.0
76203508,194,-6302.0
76303508,-114,-6213.0
76403512,-114,-6240.0
76503520,-114,-6291.0
76603520,-114,-6342.0
76703520,-114,-6393.0
76803528,-114,-6444.0
76903536,-114,-6495.0
77003540,229,-6546.0
77103544,229,-6470.0
77203552,229,-6366.0
77303556,229,-6262.0
77403556,229,-6157.0
77503564,229,-6053.0
77603568,229,-5949.0
77703568,-243,-5845.0
77803572,-243,-5913.0
77903576,-243,-6022.0
78003584,-243,-6131.0
78103592,-243,-6240.0
78203596,-243,-6348.0
78303600,-243,-6457.0
78403600,154,-6566.0
78503600,154,-6528.0
78603604,154,-6459.0
78703612,154,-6389.0
78803612,154,-6319.0
78903616,154,-6249.0
79003624,154,-6179.0
79103624,-127,-6110.0
79203628,-127,-6146.0
79303632,-127,-6203.0
79403636,-127,-6260.0
79503644,-127,-6316.0
79603648,-127,-6373.0
79703652,-127,-6429.0
79803660,119,-6486.0
79903660,119,-6449.0
80003660,119,-6396.0
80103664,119,-6342.0
80203668,119,-6288.0
80303668,119,-6235.0
80403672,119,-6181.0
80503672,-134,-6127.0
80603672,-134,-6169.0
80703680,-134,-6229.0
80803680,-134,-6288.0
80903684,-134,-6348.0
81003688,-134,-6408.0
81103688,-134,-6467.0
81203688,-146,-6527.0
81303692,-146,-6591.0
81403692,-146,-6656.0
81503700,-146,-6722.0
81603704,-146,-6787.0
81703704,-146,-6852.0
81803704,-146,-6917.0
81903708,-64,-6983.0
82003708,-64,-7018.0
82103708,-64,-7046.0
82203712,-64,-7074.0
82303712,-64,-7102.0
82403712,-64,-7131.0
82503716,-64,-7159.0
82603716,224,-7187.0
82703728,224,-7109.0
82803736,224,-7008.0
82903736,224,-6906.0
83003744,224,-6804.0
83103748,224,-6702.0
83203752,224,-6600.0
83303756,-77,-6498.0
83403756,-77,-6510.0
83503760,-77,-6543.0
83603764,-77,-6578.0
83703768,-77,-6612.0
83803776,-77,-6646.0
83903776,-77,-6680.0
84003784,118,-6714.0
84103784,118,-6675.0
84203788,118,-6622.0
84303788,118,-6569.0
84403796,118,-6515.0
84503800,118,-6462.0
84603800,118,-6409.0
84703816,83,-6355.0
84803824,83,-6315.0
84903824,83,-6278.0
85003828,83,-6241.0
85103832,83,-6204.0
85203836,83,-6167.0
85303836,83,-6130.0
85403840,-192,-6092.0
85503840,-192,-6155.0
85603848,-192,-6241.0
85703856,-192,-6327.0
85803864,-192,-6413.0
85903868,-192,-6499.0
86003868,-192,-6585.0
86103872,161,-6671.0
86203872,161,-6626.0
86303872,161,-6553.0
86403876,161,-6480.0
86503880,161,-6407.0
86603888,161,-6334.0
86703892,161,-6261.0
86803900,175,-6188.0
86903904,175,-6110.0
87003904,175,-6030.0
87103908,175,-5951.0
87203912,175,-5871.0
87303920,175,-5791.0
87403920,175,-5712.0
87503924,217,-5632.0
87603932,217,-5538.0
87703936,217,-5439.0
87803936,217,-5340.0
87903944,217,-5242.0
88003948,217,-5143.0
88103948,217,-5044.0
88203952,81,-4945.0
88303952,81,-4897.0
88403956,81,-4861.0
88503956,81,-4825.0
88603964,81,-4789.0
88703968,81,-4753.0
88803972,81,-4718.0
88903980,-134,-4682.0
89003980,-134,-4726.0
89103980,-134,-4786.0
89203980,-134,-4846.0
89303980,-134,-4905.0
89403984,-134,-4965.0
89503988,-134,-5025.0
89603992,-186,-5084.0
89703992,-186,-5163.0
89803992,-186,-5246.0
89903992,-186,-5329.0
90003992,-186,-5413.0
90103992,-186,-5496.0
90203992,-186,-5579.0
90303992,149,-5663.0
90403992,149,-5620.0
90504000,149,-5553.0
90604000,149,-5486.0
90704000,149,-5418.0
90804000,149,-5351.0
90904000,149,-5283.0
91004000,152,-5216.0
91104000,152,-5147.0
91204008,152,-5078.0
91304008,152,-5009.0
91404008,152,-4940.0
91504008,152,-4872.0
91604012,152,-4803.0
91704020,-230,-4734.0
91804020,-230,-4805.0
91904020,-230,-4908.0
92004024,-230,-5011.0
92104032,-230,-5114.0
92204040,-230,-5217.0
92304044,-230,-5320.0
92404048,-138,-5423.0
92504056,-138,-5494.0
92604056,-138,-5555.0
92704060,-138,-5617.0
92804060,-138,-5679.0
92904060,-138,-5740.0
93004068,-138,-5802.0
93104068,184,-5864.0
93204072,184,-5805.0
93304072,184,-5721.0
93404072,184,-5638.0
93504080,184,-5554.0
93604080,184,-5471.0
93704088,184,-5387.0
93804088,-85,-5304.0
93904088,-85,-5322.0
94004092,-85,-5359.0
94104096,-85,-5397.0
94204096,-85,-5435.0
94304104,-85,-5472.0
94404108,-85,-5510.0
94504108,-244,-5548.0
94604108,-244,-5643.0
94704112,-244,-5752.0
94804112,-244,-5862.0
94904116,-244,-5971.0
95004120,-244,-6080.0
95104120,-244,-6190.0
95204124,189,-6299.0
95304128,189,-6248.0
95404128,189,-6163.0
95504136,189,-6077.0
95604144,189,-5991.0
95704144,189,-5905.0
95804152,189,-5819.0
95904160,72,-5733.0
96004164,72,-5691.0
96104168,72,-5658.0
96204176,72,-5626.0
96304176,72,-5594.0
96404184,72,-5562.0
96504192,72,-5530.0
96604196,-147,-5498.0
96704200,-147,-5548.0
96804208,-147,-5614.0
96904212,-147,-5679.0
97004212,-147,-5745.0
97104212,-147,-5811.0
97204212,-147,-5877.0
97304212,-193,-5942.0
97404212,-193,-6025.0
97504220,-193,-6111.0
97604224,-193,-6198.0
97704228,-193,-6284.0
97804232,-193,-6371.0
97904240,-193,-6457.0
98004240,108,-6544.0
98104240,108,-6516.0
98204248,108,-6467.0
98304248,108,-6418.0
98404248,108,-6369.0
98504252,108,-6320.0
98604252,108,-6272.0
98704256,139,-6223.0
98804264,139,-6163.0
98904272,139,-6100.0
99004276,139,-6037.0
99104280,139,-5974.0
99204280,139,-5911.0
99304284,139,-5848.0
99404288,-221,-5786.0
99504296,-221,-5857.0
99604296,-221,-5956.0
99704304,-221,-6055.0
99804308,-221,-6154.0
99904308,-221,-6253.0
100004308,-221,-6352.0
100104308,-165,-6451.0
100204308,-165,-6530.0
100304312,-165,-6604.0
100404316,-165,-6678.0
100504320,-165,-6752.0
100604324,-165,-6826.0
100704332,-165,-6900.0
100804336,216,-6974.0
100904340,216,-6907.0
101004340,216,-6809.0
101104348,216,-6711.0
101204356,216,-6613.0
101304364,216,-6514.0
101404368,216,-6416.0
101504376,230,-6318.0
101604384,230,-6215.0
101704384,230,-6110.0
101804396,230,-6005.0
101904404,230,-5901.0
102004404,230,-5796.0
102104412,230,-5691.0
102204412,-98,-5587.0
102304416,-98,-5606.0
102404424,-98,-5649.0
102504432,-98,-5693.0
102604432,-98,-5736.0
102704436,-98,-5780.0
102804436,-98,-5824.0
102904440,183,-5867.0
103004444,183,-5806.0
103104452,183,-5723.0
103204460,183,-5640.0
103304464,183,-5557.0
103404472,183,-5474.0
103504480,183,-5390.0
103604480,-114,-5308.0
103704484,-114,-5337.0
103804488,-114,-5388.0
103904488,-114,-5439.0
104004496,-114,-5490.0
104104500,-114,-5541.0
104204500,-114,-5592.0
104304508,-113,-5643.0
104404516,-113,-5694.0
104504516,-113,-5744.0
104604516,-113,-5795.0
104704520,-113,-5845.0
104804520,-113,-5895.0
104904520,-113,-5946.0
105004524,182,-5996.0
105104528,182,-5935.0
105204536,182,-5853.0
105304544,182,-5770.0
105404544,182,-5687.0
105504544,182,-5605.0
105604552,182,-5522.0
105704552,186,-5440.0
105804556,186,-5355.0
105904560,186,-5271.0
106004560,186,-5187.0
106104564,186,-5102.0
106204568,186,-5018.0
106304568,186,-4933.0
106404572,-131,-4849.0
106504572,-131,-4885.0
106604572,-131,-4944.0
106704576,-131,-5002.0
106804588,-131,-5061.0
106904592,-131,-5120.0
107004596,-131,-5178.0
107104600,-234,-5237.0
107204600,-234,-5333.0
107304604,-234,-5438.0
107404604,-234,-5543.0
107504608,-234,-5648.0
107604612,-234,-5753.0
107704612,-234,-5858.0
107804628,-206,-5963.0
107904628,-206,-6058.0
108004632,-206,-6150.0
108104636,-206,-6242.0
108204636,-206,-6335.0
108304644,-206,-6427.0
108404652,-206,-6520.0
108504652,152,-6612.0
108604660,152,-6570.0
108704668,152,-6501.0
108804676,152,-6433.0
108904676,152,-6364.0
109004684,152,-6295.0
109104684,152,-6226.0
109204688,-101,-6157.0
109304692,-101,-6185.0
109404692,-101,-6230.0
109504696,-101,-6275.0
109604696,-101,-6320.0
109704696,-101,-6364.0
109804704,-101,-6409.0
109904712,173,-6454.0
110004716,173,-6396.0
110104724,173,-6317.0
110204724,173,-6239.0
110304724,173,-6160.0
110404728,173,-6082.0
110504732,173,-6004.0
110604736,-139,-5925.0
110704736,-139,-5966.0
110804736,-139,-6028.0
110904736,-139,-6090.0
111004740,-139,-6152.0
111104740,-139,-6214.0
111204740,-139,-6276.0
111304744,93,-6338.0
111404744,93,-6313.0
111504756,93,-6272.0
111604760,93,-6230.0
111704768,93,-6188.0
111804776,93,-6146.0
111904784,93,-6105.0
112004784,165,-6063.0
112104784,165,-5994.0
112204788,165,-5919.0
112304796,165,-5845.0
112404804,165,-5770.0
112504804,165,-5695.0
112604812,165,-5620.0
112704820,223,-5546.0
112804824,223,-5450.0
112904824,223,-5348.0
113004824,223,-5247.0
113104824,223,-5146.0
113204828,223,-5044.0
113304836,223,-4943.0
113404840,-75,-4842.0
113504848,-75,-4854.0
113604848,-75,-4887.0
113704856,-75,-4921.0
113804864,-75,-4954.0
113904864,-75,-4987.0
114004864,-75,-5020.0
114104872,172,-5053.0
114204880,172,-4994.0
114304880,172,-4916.0
114404884,172,-4838.0
114504888,172,-4760.0
114604892,172,-4682.0
114704892,172,-4604.0
114804896,-245,-4526.0
114904904,-245,-4604.0
115004904,-245,-4714.0
115104904,-245,-4824.0
115204908,-245,-4933.0
115304908,-245,-5043.0
115404916,-245,-5153.0
115504916,147,-5263.0
115604916,147,-5224.0
115704920,147,-5158.0
115804920,147,-5091.0
115904920,147,-5025.0
116004924,147,-4958.0
116104924,147,-4891.0
116204924,201,-4825.0
116304932,201,-4739.0
116404932,201,-4648.0
116504944,201,-4557.0
116604952,201,-4465.0
116704952,201,-4374.0
116804960,201,-4283.0
116904968,95,-4192.0
117004968,95,-4140.0
117104968,95,-4097.0
117204976,95,-4055.0
117304984,95,-4012.0
117404984,95,-3969.0
117504992,95,-3926.0
117604992,199,-3884.0
117704992,199,-3802.0
117804996,199,-3712.0
117905000,199,-3623.0
118005008,199,-3533.0
118105008,199,-3444.0
118205012,199,-3354.0
118305020,197,-3265.0
118405020,197,-3175.0
118505024,197,-3086.0
118605032,197,-2996.0
118705032,197,-2907.0
118805036,197,-2817.0
118905040,197,-2728.0
119005040,193,-2638.0
119105044,193,-2549.0
119205048,193,-2459.0
119305052,193,-2370.0
119405052,193,-2280.0
119505060,193,-2191.0
119605064,193,-2101.0
119705064,181,-2012.0
119805064,181,-1928.0
119905064,181,-1845.0
120005064,181,-1763.0
120105064,181,-1681.0
120205072,181,-1599.0
120305072,181,-1517.0
120405076,77,-1434.0
120505084,77,-1391.0
120605088,77,-1357.0
120705088,77,-1322.0
120805092,77,-1288.0
120905096,77,-1253.0
121005096,77,-1219.0
121105100,-157,-1184.0
121205108,-157,-1239.0
121305108,-157,-1309.0
121405116,-157,-1379.0
121505116,-157,-1450.0
121605124,-157,-1520.0
121705128,-157,-1590.0
121805128,-252,-1661.0
121905144,-252,-1766.0
122005144,-252,-1878.0
122105152,-252,-1991.0
122205152,-252,-2105.0
122305152,-252,-2218.0
122405160,-252,-2331.0
122505160,89,-2443.0
122605168,89,-2427.0
122705172,89,-2387.0
122805176,89,-2348.0
122905176,89,-2308.0
123005180,89,-2268.0
123105180,89,-2228.0
123205180,98,-2188.0
123305184,98,-2145.0
123405188,98,-2100.0
123505192,98,-2056.0
123605196,98,-2011.0
123705200,98,-1966.0
123805204,98,-1921.0
123905204,120,-1877.0
124005204,120,-1824.0
124105204,120,-1770.0
124205208,120,-1715.0
124305208,120,-1661.0
124405208,120,-1607.0
124505212,120,-1553.0
124605216,122,-1499.0
124705216,122,-1444.0
124805220,122,-1389.0
124905228,122,-1334.0
125005228,122,-1279.0
125105228,122,-1223.0
125205228,122,-1168.0
125305228,159,-1113.0
125405232,159,-1044.0
125505240,159,-972.0
125605248,159,-901.0
125705248,159,-829.0
125805252,159,-757.0
125905260,159,-686.0
126005264,-109,-614.0
126105268,-109,-645.0
126205268,-109,-694.0
126305276,-109,-742.0
126405276,-109,-791.0
126505276,-109,-840.0
126605284,-109,-889.0
126705292,-192,-938.0
126805296,-192,-1017.0
126905304,-192,-1103.0
127005312,-192,-1189.0
127105312,-192,-1275.0
127205320,-192,-1361.0
127305324,-192,-1447.0
127405324,-112,-1533.0
127505328,-112,-1589.0
127605336,-112,-1639.0
127705336,-112,-1689.0
127805336,-112,-1739.0
127905344,-112,-1789.0
128005344,-112,-1839.0
128105348,-109,-1889.0
128205356,-109,-1938.0
128305364,-109,-1987.0
128405368,-109,-2036.0
128505376,-109,-2085.0
128605376,-109,-2133.0
128705376,-109,-2182.0
128805380,77,-2231.0
128905384,77,-2208.0
129005388,77,-2174.0
129105392,77,-2139.0
129205392,77,-2105.0
129305396,77,-2070.0
129405400,77,-2036.0
129505400,-187,-2002.0
129605408,-187,-2067.0
129705412,-187,-2150.0
129805416,-187,-2234.0
129905420,-187,-2318.0
130005420,-187,-2402.0
130105420,-187,-2486.0
130205428,-100,-2570.0
130305436,-100,-2621.0
130405440,-100,-2666.0
130505440,-100,-2711.0
130605440,-100,-2756.0
130705444,-100,-2800.0
130805444,-100,-2845.0
130905456,-192,-2890.0
131005460,-192,-2969.0
131105468,-192,-3055.0
131205484,-192,-3141.0
131305492,-192,-3227.0
131405496,-192,-3313.0
131505504,-192,-3399.0
131605508,-146,-3485.0
131705512,-146,-3554.0
131805516,-146,-3620.0
131905516,-146,-3685.0
132005524,-146,-3750.0
132105524,-146,-3816.0
132205524,-146,-3881.0
132305532,180,-3946.0
132405540,180,-3888.0
132505548,180,-3806.0
132605556,180,-3724.0
132705560,180,-3643.0
132805560,180,-3561.0
132905568,180,-3479.0
133005572,222,-3397.0
133105576,222,-3300.0
133205580,222,-3199.0
133305580,222,-3098.0
133405584,222,-2997.0
133505584,222,-2896.0
133605584,222,-2795.0
133705584,71,-2694.0
133805584,71,-2649.0
133905584,71,-2618.0
134005592,71,-2586.0
134105600,71,-2554.0
134205600,71,-2523.0
134305608,71,-2491.0
134405608,-123,-2460.0
134505608,-123,-2502.0
134605608,-123,-2557.0
134705612,-123,-2612.0
134805616,-123,-2667.0
134905620,-123,-2722.0
135005620,-123,-2777.0
135105628,185,-2832.0
135205628,185,-2771.0
135305636,185,-2687.0
135405636,185,-2603.0
135505644,185,-2519.0
135605652,185,-2435.0
135705652,185,-2350.0
135805652,-196,-2267.0
135905656,-196,-2327.0
136005656,-196,-2414.0
136105660,-196,-2502.0
136205660,-196,-2590.0
136305660,-196,-2679.0
136405668,-196,-2767.0
136505676,149,-2854.0
136605676,149,-2811.0
136705676,149,-2744.0
136805676,149,-2676.0
136905676,149,-2609.0
137005676,149,-2541.0
137105680,149,-2474.0
137205680,120,-2406.0
137305680,120,-2350.0
137405680,120,-2295.0
137505680,120,-2241.0
137605680,120,-2187.0
137705684,120,-2133.0
137805684,120,-2079.0
137905700,148,-2024.0
138005704,148,-1960.0
138105704,148,-1893.0
138205704,148,-1825.0
138305708,148,-1758.0
138405708,148,-1691.0
138505716,148,-1624.0
138605720,-111,-1557.0
138705724,-111,-1589.0
138805732,-111,-1639.0
138905732,-111,-1688.0
139005740,-111,-1738.0
139105740,-111,-1787.0
139205740,-111,-1837.0
139305740,-87,-1886.0
139405740,-87,-1926.0
139505740,-87,-1965.0
139605744,-87,-2003.0
139705748,-87,-2042.0
139805756,-87,-2080.0
139905760,-87,-2118.0
140005764,81,-2156.0
140105768,81,-2131.0
140205772,81,-2096.0
140305776,81,-2060.0
140405780,81,-2024.0
140505784,81,-1988.0
140605788,81,-1952.0
140705792,-149,-1917.0
140805800,-149,-1967.0
140905800,-149,-2034.0
141005804,-149,-2101.0
141105812,-149,-2167.0
141205812,-149,-2234.0
141305812,-149,-2301.0
141405816,-223,-2367.0
141505820,-223,-2461.0
141605820,-223,-2561.0
141705824,-223,-2661.0
141805828,-223,-2761.0
141905832,-223,-2861.0
142005832,-223,-2961.0
142105832,88,-3061.0
142205832,88,-3041.0
142305832,88,-3002.0
142405836,88,-2962.0
142505836,88,-2923.0
142605836,88,-2883.0
142705840,88,-2844.0
142805844,-203,-2804.0
142905848,-203,-2875.0
143005848,-203,-2964.0
143105848,-203,-3055.0
143205852,-203,-3146.0
143305852,-203,-3237.0
143405856,-203,-3328.0
143505860,210,-3418.0
143605864,210,-3353.0
143705864,210,-3258.0
143805868,210,-3162.0
143905872,210,-3067.0
144005880,210,-2971.0
144105888,210,-2876.0
144205892,80,-2780.0
144305896,80,-2734.0
144405896,80,-2698.0
144505904,80,-2663.0
144605904,80,-2627.0
144705908,80,-2591.0
144805912,80,-2555.0
144905916,-149,-2520.0
145005916,-149,-2571.0
145105924,-149,-2637.0
145205932,-149,-2704.0
145305932,-149,-2771.0
145405932,-149,-2837.0
145505932,-149,-2904.0
145605936,240,-2970.0
145705944,240,-2891.0
145805952,240,-2782.0
145905952,240,-2673.0
146005952,240,-2563.0
146105956,240,-2454.0
146205960,240,-2345.0
146305960,-130,-2236.0
146405960,-130,-2268.0
146505968,-130,-2326.0
146605968,-130,-2384.0
146705972,-130,-2442.0
146805980,-130,-2500.0
146905980,-130,-2558.0
147005984,-219,-2617.0
147105984,-219,-2707.0
147205992,-219,-2806.0
147306000,-219,-2904.0
147406004,-219,-3002.0
147506012,-219,-3100.0
147606012,-219,-3198.0
147706012,60,-3296.0
147806016,60,-3286.0
147906016,60,-3260.0
148006024,60,-3233.0
148106024,60,-3207.0
148206024,60,-3180.0
148306028,60,-3153.0
148406028,218,-3126.0
148506036,218,-3040.0
148606044,218,-2941.0
148706048,218,-2842.0
148806052,218,-2743.0
148906060,218,-2643.0
149006064,218,-2544.0
149106068,-131,-2445.0
149206072,-131,-2479.0
149306076,-131,-2537.0
149406076,-131,-2596.0
149506084,-131,-2654.0
149606084,-131,-2713.0
149706096,-131,-2772.0
149806104,-123,-2830.0
149906104,-123,-2886.0
150006104,-123,-2941.0
150106108,-123,-2996.0
150206108,-123,-3051.0
150306108,-123,-3106.0
150406112,-123,-3160.0
150506120,165,-3215.0
150606120,165,-3160.0
150706128,165,-3085.0
150806132,165,-3010.0
150906132,165,-2936.0
151006136,165,-2861.0
151106140,165,-2786.0
151206140,-71,-2712.0
151306144,-71,-2729.0
151406144,-71,-2761.0
151506148,-71,-2792.0
151606148,-71,-2823.0
151706148,-71,-2855.0
151806152,-71,-2886.0
151906160,78,-2917.0
152006164,78,-2892.0
152106164,78,-2857.0
152206168,78,-2822.0
152306172,78,-2787.0
152406172,78,-2752.0
152506176,78,-2718.0
152606180,93,-2683.0
152706184,93,-2642.0
152806184,93,-2600.0
152906184,93,-2559.0
153006188,93,-2517.0
153106196,93,-2475.0
153206208,93,-2433.0
153306216,-95,-2392.0
153406224,-95,-2423.0
153506228,-95,-2465.0
153606228,-95,-2507.0
153706228,-95,-2549.0
153806232,-95,-2591.0
153906236,-95,-2633.0
154006240,184,-2675.0
154106240,184,-2611.0
154206244,184,-2528.0
154306252,184,-2444.0
154406252,184,-2361.0
154506256,184,-2277.0
154606264,184,-2194.0
154706268,-96,-2111.0
154806276,-96,-2137.0
154906276,-96,-2179.0
155006284,-96,-2222.0
155106284,-96,-2265.0
155206288,-96,-2308.0
155306288,-96,-2350.0
155406292,-136,-2393.0
155506296,-136,-2451.0
155606304,-136,-2511.0
155706308,-136,-2570.0
155806308,-136,-2630.0
155906316,-136,-2690.0
156006316,-136,-2749.0
156106324,-177,-2809.0
156206328,-177,-2885.0
156306328,-177,-2964.0
156406332,-177,-3043.0
156506336,-177,-3123.0
156606336,-177,-3202.0
156706340,-177,-3281.0
156806344,-87,-3361.0
156906344,-87,-3406.0
157006348,-87,-3445.0
157106348,-87,-3483.0
157206356,-87,-3522.0
157306360,-87,-3560.0
157406360,-87,-3598.0
157506364,239,-3636.0
157606372,239,-3553.0
157706372,239,-3444.0
157806380,239,-3335.0
157906380,239,-3227.0
158006380,239,-3118.0
158106380,239,-3009.0
158206388,-235,-2901.0
158306392,-235,-2972.0
158406400,-235,-3078.0
158506404,-235,-3183.0
158606404,-235,-3289.0
158706408,-235,-3394.0
158806416,-235,-3500.0
158906416,-174,-3606.0
159006420,-174,-3689.0
159106424,-174,-3768.0
159206428,-174,-3846.0
159306428,-174,-3924.0
159406440,-174,-4002.0
159506444,-174,-4080.0
159606448,247,-4158.0
159706452,247,-4076.0
159806456,247,-3964.0
159906464,247,-3851.0
160006464,247,-3739.0
160106464,247,-3626.0
160206472,247,-3514.0
160306480,-74,-3402.0
160406480,-74,-3414.0
160506488,-74,-3447.0
160606488,-74,-3480.0
160706496,-74,-3512.0
160806504,-74,-3545.0
160906504,-74,-3577.0
161006504,-186,-3610.0
161106504,-186,-3685.0
161206508,-186,-3768.0
161306516,-186,-3851.0
161406524,-186,-3935.0
161506524,-186,-4018.0
161606532,-186,-4102.0
161706532,175,-4185.0
161806532,175,-4130.0
161906532,175,-4051.0
162006532,175,-3971.0
162106532,175,-3891.0
162206536,175,-3812.0
162306536,175,-3732.0
162406540,-117,-3653.0
162506544,-117,-3687.0
162606552,-117,-3739.0
162706552,-117,-3792.0
162806560,-117,-3844.0
162906564,-117,-3896.0
163006564,-117,-3948.0
163106572,-117,-4000.0
163206576,-117,-4053.0
163306576,-117,-4105.0
163406584,-117,-4157.0
163506588,-117,-4209.0
163606588,-117,-4261.0
163706596,-117,-4313.0
163806604,105,-4365.0
163906604,105,-4332.0
164006604,105,-4285.0
164106608,105,-4238.0
164206616,105,-4190.0
164306620,105,-4143.0
164406620,105,-4096.0
164506624,99,-4049.0
164606628,99,-4003.0
164706628,99,-3959.0
164806632,99,-3914.0
164906640,99,-3869.0
165006648,99,-3824.0
165106648,99,-3780.0
165206652,-146,-3735.0
165306656,-146,-3786.0
165406656,-146,-3851.0
165506664,-146,-3916.0
165606668,-146,-3982.0
165706676,-146,-4047.0
165806684,-146,-4112.0
165906688,168,-4177.0
166006692,168,-4123.0
166106696,168,-4047.0
166206700,168,-3970.0
166306704,168,-3894.0
166406708,168,-3818.0
166506712,168,-3741.0
166606716,107,-3665.0
166706724,107,-3612.0
166806724,107,-3564.0
166906728,107,-3516.0
167006728,107,-3468.0
167106728,107,-3419.0
167206732,107,-3371.0
167306736,-227,-3324.0
167406740,-227,-3402.0
167506744,-227,-3503.0
167606744,-227,-3605.0
167706744,-227,-3707.0
167806748,-227,-3809.0
167906756,-227,-3910.0
168006756,-146,-4012.0
168106756,-146,-4084.0
168206764,-146,-4150.0
168306764,-146,-4215.0
168406764,-146,-4280.0
168506768,-146,-4346.0
168606772,-146,-4411.0
168706772,213,-4476.0
168806776,213,-4404.0
168906776,213,-4307.0
169006780,213,-4210.0
169106780,213,-4113.0
169206784,213,-4016.0
169306792,213,-3919.0
169406792,238,-3823.0
169506792,238,-3717.0
169606800,238,-3608.0
169706800,238,-3500.0
169806800,238,-3392.0
169906804,238,-3283.0
170006808,238,-3175.0
170106808,-152,-3068.0
170206816,-152,-3110.0
170306816,-152,-3178.0
170406816,-152,-3246.0
170506820,-152,-3314.0
170606820,-152,-3382.0
170706824,-152,-3450.0
170806832,-120,-3518.0
170906836,-120,-3574.0
171006840,-120,-3628.0
171106848,-120,-3682.0
171206856,-120,-3735.0
171306860,-120,-3789.0
171406864,-120,-3843.0
171506864,209,-3896.0
171606868,209,-3825.0
171706868,209,-3730.0
171806868,209,-3635.0
171906876,209,-3540.0
172006884,209,-3445.0
172106884,209,-3350.0
172206892,-251,-3256.0
172306900,-251,-3336.0
172406904,-251,-3449.0
172506908,-251,-3561.0
172606908,-251,-3674.0
172706912,-251,-3786.0
172806916,-251,-3899.0
172906924,104,-4011.0
173006932,104,-3988.0
173106936,104,-3941.0
173206944,104,-3894.0
173306944,104,-3847.0
173406948,104,-3801.0
173506956,104,-3754.0
173606956,92,-3707.0
173706964,92,-3665.0
173806972,92,-3624.0
173906976,92,-3582.0
174006984,92,-3541.0
174106992,92,-3500.0
174206996,92,-3458.0
174306996,-165,-3417.0
174407004,-165,-3474.0
174507004,-165,-3548.0
174607008,-165,-3622.0
174707012,-165,-3696.0
174807016,-165,-3770.0
174907032,-165,-3844.0
175007032,-210,-3917.0
175107036,-210,-4008.0
175207036,-210,-4102.0
175307040,-210,-4196.0
175407044,-210,-4290.0
175507044,-210,-4384.0
175607052,-210,-4479.0
175707056,65,-4572.0
175807060,65,-4560.0
175907064,65,-4531.0
176007064,65,-4502.0
176107072,65,-4473.0
176207076,65,-4444.0
176307076,65,-4415.0
176407076,-94,-4386.0
176507080,-94,-4418.0
176607080,-94,-4460.0
176707084,-94,-4501.0
176807092,-94,-4543.0
176907092,-94,-4585.0
177007096,-94,-4626.0
177107104,-199,-4668.0
177207104,-199,-4750.0
177307108,-199,-4839.0
177407116,-199,-4929.0
177507124,-199,-5018.0
177607128,-199,-5108.0
177707128,-199,-5197.0
177807132,-73,-5287.0
177907136,-73,-5328.0
178007140,-73,-5360.0
178107140,-73,-5393.0
178207140,-73,-5426.0
178307140,-73,-5458.0
178407140,-73,-5491.0
178507148,-170,-5523.0
178607148,-170,-5592.0
178707152,-170,-5669.0
178807156,-170,-5745.0
178907164,-170,-5821.0
179007168,-170,-5897.0
179107180,-170,-5974.0
179207180,-98,-6050.0
179307180,-98,-6098.0
179407184,-98,-6142.0
179507184,-98,-6186.0
179607188,-98,-6229.0
179707196,-98,-6273.0
179807200,-98,-6316.0
179907204,-161,-6360.0
180007204,-161,-6427.0
180107208,-161,-6499.0
180207212,-161,-6571.0
180307212,-161,-6642.0
180407216,-161,-6714.0
180507220,-161,-6785.0
180607228,-115,-6857.0
180707232,-115,-6912.0
180807240,-115,-6963.0
180907240,-115,-7014.0
181007244,-115,-7065.0
181107252,-115,-7116.0
181207252,-115,-7167.0
181307268,-227,-7219.0
181407272,-227,-7311.0
181507272,-227,-7413.0
181607280,-227,-7515.0
181707288,-227,-7617.0
181807288,-227,-7719.0
181907296,-227,-7821.0
182007304,96,-7922.0
182107304,96,-7900.0
182207304,96,-7857.0
182307304,96,-7814.0
182407304,96,-7770.0
182507312,96,-7727.0
182607320,96,-7684.0
182707320,83,-7641.0
182807324,83,-7603.0
182907324,83,-7566.0
183007324,83,-7529.0
183107328,83,-7492.0
183207332,83,-7454.0
183307340,83,-7417.0
183407344,-229,-7381.0
183507344,-229,-7463.0
183607352,-229,-7566.0
183707360,-229,-7668.0
183807364,-229,-7771.0
183907368,-229,-7874.0
184007372,-229,-7977.0
184107372,-83,-8079.0
184207376,-83,-8127.0
184307380,-83,-8164.0
184407380,-83,-8200.0
184507384,-83,-8237.0
184607388,-83,-8274.0
184707388,-83,-8311.0
184807392,-108,-8348.0
184907392,-108,-8394.0
185007404,-108,-8443.0
185107412,-108,-8491.0
185207412,-108,-8539.0
185307412,-108,-8587.0
185407412,-108,-8635.0
185507412,178,-8682.0
185607420,178,-8621.0
185707428,178,-8540.0
185807428,178,-8459.0
185907428,178,-8378.0
186007428,178,-8298.0
186107428,178,-8217.0
186207432,146,-8136.0
186307432,146,-8067.0
186407432,146,-8001.0
186507436,146,-7935.0
186607436,146,-7869.0
186707440,146,-7803.0
186807444,146,-7737.0
186907444,192,-7671.0
187007444,192,-7587.0
187107444,192,-7500.0
187207448,192,-7412.0
187307452,192,-7325.0
187407452,192,-7238.0
187507460,192,-7150.0
187607464,169,-7063.0
187707468,169,-6985.0
187807472,169,-6908.0
187907476,169,-6831.0
188007480,169,-6754.0
188107484,169,-6677.0
188207488,169,-6601.0
188307496,-77,-6525.0
188407496,-77,-6544.0
188507508,-77,-6578.0
188607508,-77,-6613.0
188707508,-77,-6647.0
188807512,-77,-6681.0
188907516,-77,-6715.0
189007516,79,-6749.0
189107524,79,-6722.0
189207524,79,-6686.0
189307528,79,-6650.0
189407528,79,-6615.0
189507532,79,-6579.0
189607536,79,-6543.0
189707540,61,-6507.0
189807540,61,-6479.0
189907540,61,-6452.0
190007548,61,-6425.0
190107548,61,-6398.0
190207548,61,-6371.0
190307556,61,-6344.0
190407560,-100,-6317.0
190507568,-100,-6352.0
190607572,-100,-6397.0
190707572,-100,-6442.0
190807576,-100,-6486.0
190907580,-100,-6531.0
191007580,-100,-6576.0
191107580,187,-6620.0
191207584,187,-6553.0
191307584,187,-6468.0
191407592,187,-6383.0
191507596,187,-6298.0
191607596,187,-6213.0
191707604,187,-6128.0
191807608,67,-6043.0
191907612,67,-6005.0
192007612,67,-5975.0
192107612,67,-5945.0
192207612,67,-5915.0
192307620,67,-5885.0
192407624,67,-5856.0
192507632,187,-5825.0
192607636,187,-5749.0
192707640,187,-5664.0
192807644,187,-5579.0
192907652,187,-5494.0
193007652,187,-5409.0
193107652,187,-5324.0
193207660,219,-5239.0
193307660,219,-5142.0
193407668,219,-5043.0
193507668,219,-4943.0
193607672,219,-4843.0
193707680,219,-4744.0
193807688,219,-4644.0
193907696,-131,-4545.0
194007696,-131,-4582.0
194107704,-131,-4640.0
194207708,-131,-4699.0
194307708,-131,-4758.0
194407708,-131,-4817.0
194507708,-131,-4876.0
194607712,160,-4933.0
194707716,160,-4878.0
194807724,160,-4806.0
194907728,160,-4733.0
195007728,160,-4660.0
195107728,160,-4588.0
195207732,160,-4515.0
195307732,94,-4443.0
195407736,94,-4396.0
195507736,94,-4354.0
195607740,94,-4311.0
195707740,94,-4269.0
195807740,94,-4227.0
195907744,94,-4185.0
196007744,-88,-4143.0
196107744,-88,-4172.0
196207752,-88,-4211.0
196307756,-88,-4250.0
196407764,-88,-4289.0
196507772,-88,-4329.0
196607780,-88,-4368.0
196707788,-250,-4407.0
196807788,-250,-4507.0
196907788,-250,-4619.0
197007792,-250,-4731.0
197107800,-250,-4844.0
197207800,-250,-4956.0
197307800,-250,-5068.0
197407808,165,-5179.0
197507808,165,-5132.0
197607808,165,-5057.0
197707808,165,-4982.0
197807812,165,-4907.0
197907820,165,-4832.0
198007828,165,-4757.0
198107832,129,-4682.0
198207836,129,-4621.0
198307844,129,-4561.0
198407848,129,-4501.0
198507848,129,-4442.0
198607856,129,-4382.0
198707860,129,-4322.0
198807860,200,-4262.0
198907864,200,-4177.0
199007868,200,-4086.0
199107872,200,-3995.0
199207876,200,-3904.0
199307876,200,-3813.0
199407880,200,-3722.0
199507884,-61,-3632.0
199607892,-61,-3644.0
199707900,-61,-3670.0
199807904,-61,-3697.0
199907908,-61,-3724.0
200007912,-61,-3751.0
200107916,-61,-3778.0
200207916,117,-3804.0
200307920,117,-3761.0
200407920,117,-3708.0
200507920,117,-3655.0
200607928,117,-3602.0
200707928,117,-3549.0
200807932,117,-3497.0
200907936,144,-3444.0
201007940,144,-3380.0
201107944,144,-3315.0
201207948,144,-3250.0
201307952,144,-3185.0
201407956,144,-3120.0
201507960,144,-3054.0
201607964,203,-2989.0
201707968,203,-2902.0
201807976,203,-2810.0
201907976,203,-2717.0
202007976,203,-2625.0
202107980,203,-2533.0
202207980,203,-2440.0
202307984,179,-2348.0
202407988,179,-2264.0
202507988,179,-2183.0
202607988,179,-2102.0
202707992,179,-2020.0
202807992,179,-1939.0
202907996,179,-1858.0
203008000,-251,-1778.0
203108004,-251,-1863.0
203208012,-251,-1975.0
203308012,-251,-2088.0
203408012,-251,-2201.0
203508016,-251,-2313.0
203608020,-251,-2426.0
203708024,213,-2537.0
203808028,213,-2473.0
203908032,213,-2376.0
204008032,213,-2280.0
204108032,213,-2183.0
204208040,213,-2086.0
204308044,213,-1989.0
204408052,-115,-1893.0
204508056,-115,-1924.0
204608064,-115,-1975.0
204708064,-115,-2026.0
204808072,-115,-2077.0
204908076,-115,-2128.0
205008084,-115,-2180.0
205108088,142,-2230.0
205208088,142,-2181.0
205308096,142,-2116.0
205408100,142,-2052.0
205508100,142,-1988.0
205608108,142,-1923.0
205708108,142,-1859.0
205808112,85,-1795.0
205908112,85,-1753.0
206008112,85,-1714.0
206108116,85,-1676.0
206208120,85,-1638.0
206308120,85,-1600.0
206408120,85,-1562.0
206508124,237,-1523.0
206608132,237,-1427.0
206708140,237,-1319.0
206808144,237,-1211.0
206908152,237,-1103.0
207008152,237,-995.0
207108156,237,-887.0
207208164,-100,-780.0
207308168,-100,-805.0
207408172,-100,-849.0
207508172,-100,-894.0
207608172,-100,-939.0
207708176,-100,-984.0
207808176,-100,-1028.0
207908184,-136,-1073.0
208008184,-136,-1131.0
208108184,-136,-1191.0
208208192,-136,-1250.0
208308192,-136,-1310.0
208408192,-136,-1370.0
208508200,-136,-1430.0
208608200,210,-1488.0
208708204,210,-1415.0
208808208,210,-1320.0
208908216,210,-1224.0
209008224,210,-1129.0
209108224,210,-1033.0
209208232,210,-938.0
209308232,210,-842.0
209408232,210,-746.0
209508232,210,-651.0
209608240,210,-555.0
209708240,210,-460.0
209808240,210,-364.0
209908244,210,-269.0
210008244,-99,-174.0
210108248,-99,-200.0
210208248,-99,-245.0
210308248,-99,-290.0
210408260,-99,-335.0
210508268,-99,-379.0
210608272,-99,-424.0
210708280,-99,-469.0
210808280,-99,-514.0
210908284,-99,-558.0
211008284,-99,-603.0
211108284,-99,-648.0
211208288,-99,-693.0
211308288,-99,-737.0
211408288,-144,-782.0
211508292,-144,-844.0
211608300,-144,-908.0
211708300,-144,-973.0
211808304,-144,-1037.0
211908312,-144,-1101.0
212008312,-144,-1166.0
212108320,209,-1229.0
212208324,209,-1158.0
212308332,209,-1063.0
212408336,209,-968.0
212508344,209,-873.0
212608344,209,-778.0
212708348,209,-682.0
212808356,106,-587.0
212908360,106,-532.0
213008364,106,-484.0
213108368,106,-436.0
213208368,106,-388.0
213308372,106,-340.0
213408376,106,-293.0
213508384,90,-245.0
213608392,90,-203.0
213708392,90,-163.0
213808396,90,-123.0
213908396,90,-82.0
214008396,90,-42.0
214108396,90,-1.0
214208396,216,39.0
214308400,216,128.0
214408400,216,226.0
214508400,216,325.0
214608400,216,423.0
214708404,216,521.0
214808412,216,620.0
214908420,-189,716.0
215008428,-189,656.0
215108436,-189,571.0
215208440,-189,486.0
215308440,-189,401.0
215408448,-189,317.0
215508456,-189,232.0
215608464,86,148.0
215708472,86,171.0
215808476,86,210.0
215908480,86,248.0
216008484,86,287.0
216108488,86,325.0
216208492,86,364.0
216308496,-215,401.0
216408504,-215,324.0
216508512,-215,227.0
216608516,-215,131.0
216708520,-215,34.0
216808528,-215,-62.0
216908536,-215,-159.0
217008536,-133,-255.0
217108540,-133,-321.0
217208540,-133,-380.0
217308540,-133,-440.0
217408544,-133,-500.0
217508548,-133,-559.0
217608560,-133,-619.0
217708564,230,-677.0
217808564,230,-597.0
217908568,230,-492.0
218008576,230,-387.0
218108576,230,-282.0
218208580,230,-178.0
218308580,230,-73.0
218408580,-192,30.0
218508588,-192,-30.0
218608596,-192,-116.0
218708600,-192,-202.0
218808600,-192,-288.0
218908608,-192,-374.0
219008612,-192,-460.0
219108612,-208,-546.0
219208616,-208,-638.0
219308616,-208,-731.0
219408624,-208,-825.0
219508624,-208,-918.0
219608628,-208,-1011.0
219708632,-208,-1105.0
219808636,-171,-1198.0
219908636,-171,-1278.0
220008636,-171,-1355.0
220108636,-171,-1431.0
220208640,-171,-1508.0
220308644,-171,-1585.0
220408648,-171,-1661.0
220508648,216,-1737.0
220608656,216,-1662.0
220708660,216,-1564.0
220808664,216,-1465.0
220908664,216,-1367.0
221008668,216,-1269.0
221108676,216,-1170.0
221208676,-205,-1073.0
221308680,-205,-1137.0
221408684,-205,-1229.0
221508688,-205,-1321.0
221608692,-205,-1413.0
221708692,-205,-1505.0
221808700,-205,-1598.0
221908704,-183,-1689.0
222008712,-183,-1774.0
222108712,-183,-1856.0
222208712,-183,-1938.0
222308720,-183,-2020.0
222408724,-183,-2102.0
222508724,-183,-2185.0
222608728,-195,-2267.0
222708732,-195,-2354.0
222808732,-195,-2441.0
222908732,-195,-2529.0
223008740,-195,-2617.0
223108744,-195,-2704.0
223208744,-195,-2792.0
223308748,-231,-2880.0
223408748,-231,-2981.0
223508748,-231,-3084.0
223608756,-231,-3188.0
223708764,-231,-3292.0
223808764,-231,-3396.0
223908768,-231,-3500.0
224008776,75,-3602.0
224108780,75,-3586.0
224208788,75,-3553.0
224308792,75,-3519.0
224408792,75,-3486.0
224508800,75,-3452.0
224608808,75,-3419.0
224708808,135,-3385.0
224808816,135,-3328.0
224908820,135,-3269.0
225008820,135,-3209.0
225108824,135,-3149.0
225208832,135,-3088.0
225308832,135,-3027.0
225408836,100,-2966.0
225508840,100,-2918.0
225608840,100,-2874.0
225708844,100,-2829.0
225808852,100,-2784.0
225908852,100,-2739.0
226008856,100,-2695.0
226108864,-128,-2651.0
226208864,-128,-2695.0
226308868,-128,-2752.0
226408868,-128,-2810.0
226508876,-128,-2867.0
226608876,-128,-2924.0
226708876,-128,-2981.0
226808876,236,-3037.0
226908884,236,-2953.0
227008884,236,-2846.0
227108884,236,-2738.0
227208884,236,-2631.0
227308888,236,-2524.0
227408888,236,-2416.0
227508888,-172,-2310.0
227608892,-172,-2362.0
227708896,-172,-2439.0
227808900,-172,-2516.0
227908908,-172,-2593.0
228008908,-172,-2670.0
228108920,-172,-2748.0
228208928,132,-2823.0
228308936,132,-2781.0
228408940,132,-2721.0
228508940,132,-2662.0
228608940,132,-2602.0
228708944,132,-2542.0
228808948,132,-2483.0
228908956,-63,-2424.0
229008960,-63,-2441.0
229108964,-63,-2469.0
229208968,-63,-2497.0
229308972,-63,-2524.0
229408980,-63,-2552.0
229508980,-63,-2579.0
229608980,-179,-2607.0
229708988,-179,-2680.0
229808988,-179,-2760.0
229908988,-179,-2840.0
230008988,-179,-2920.0
230108992,-179,-3000.0
230208992,-179,-3081.0
230308996,158,-3160.0
230408996,158,-3108.0
230509004,158,-3037.0
230609004,158,-2965.0
230709008,158,-2893.0
230809016,158,-2822.0
230909016,158,-2750.0
231009024,64,-2679.0
231109028,64,-2644.0
231209032,64,-2616.0
231309040,64,-2587.0
231409040,64,-2559.0
231509044,64,-2531.0
231609044,64,-2502.0
231709044,197,-2473.0
231809048,197,-2393.0
231909052,197,-2303.0
232009068,197,-2214.0
232109072,197,-2124.0
232209076,197,-2035.0
232309080,197,-1945.0
232409088,-168,-1857.0
232509088,-168,-1913.0
232609088,-168,-1988.0
232709088,-168,-2063.0
232809092,-168,-2138.0
232909100,-168,-2214.0
233009104,-168,-2289.0
233109108,239,-2363.0
233209108,239,-2279.0
233309108,239,-2171.0
233409108,239,-2062.0
233509112,239,-1953.0
233609120,239,-1844.0
233709128,239,-1736.0
233809128,92,-1627.0
233909132,92,-1575.0
234009140,92,-1534.0
234109144,92,-1492.0
234209144,92,-1451.0
234309144,92,-1410.0
234409160,92,-1368.0
234509168,226,-1327.0
234609168,226,-1234.0
234709176,226,-1131.0
234809180,226,-1028.0
234909180,226,-925.0
235009180,226,-822.0
235109180,226,-719.0
235209184,216,-616.0
235309188,216,-517.0
235409192,216,-418.0
235509200,216,-320.0
235609200,216,-222.0
235709204,216,-123.0
235809204,216,-25.0
235909208,222,74.0
236009208,222,174.0
236109216,222,275.0
236209220,222,376.0
236309228,222,478.0
236409236,222,579.0
236509240,222,680.0
236609248,94,781.0
236709248,94,832.0
236809252,94,875.0
236909256,94,917.0
237009260,94,959.0
237109260,94,1001.0
237209264,94,1044.0
237309268,173,1086.0
237409284,173,1160.0
237509284,173,1238.0
237609288,173,1317.0
237709288,173,1395.0
237809288,173,1474.0
237909292,173,1553.0
238009300,203,1632.0
238109304,203,1722.0
238209304,203,1814.0
238309308,203,1907.0
238409312,203,1999.0
238509312,203,2092.0
238609316,203,2184.0
238709316,88,2276.0
238809316,88,2324.0
238909320,88,2364.0
239009328,88,2404.0
239109328,88,2443.0
239209336,88,2483.0
239309340,88,2523.0
239409348,225,2563.0
239509352,225,2656.0
239609356,225,2759.0
239709360,225,2861.0
239809364,225,2963.0
239909364,225,3065.0
240009372,225,3168.0
240109376,235,3270.0
240209376,235,3376.0
240309380,235,3483.0
240409388,235,3591.0
240509388,235,3698.0
240609392,235,3805.0
240709404,235,3913.0
240809412,-236,4017.0
240909416,-236,3942.0
241009420,-236,3836.0
241109428,-236,3730.0
241209428,-236,3624.0
241309436,-236,3518.0
241409440,-236,3411.0
241509444,161,3307.0
241609448,161,3358.0
241709452,161,3431.0
241809456,161,3504.0
241909460,161,3577.0
242009464,161,3650.0
242109472,161,3723.0
242209476,-126,3795.0
242309484,-126,3756.0
242409488,-126,3699.0
242509496,-126,3643.0
242609496,-126,3586.0
242709504,-126,3530.0
242809512,-126,3473.0
242909512,-77,3417.0
243009512,-77,3380.0
243109516,-77,3346.0
243209524,-77,3312.0
243309524,-77,3278.0
243409524,-77,3244.0
243509532,-77,3210.0
243609540,-150,3175.0
243709548,-150,3112.0
243809548,-150,3045.0
243909552,-150,2978.0
244009560,-150,2911.0
244109560,-150,2844.0
244209564,-150,2777.0
244309568,227,2711.0
244409572,227,2792.0
244509572,227,2895.0
244609572,227,2999.0
244709580,227,3102.0
244809580,227,3205.0
244909580,227,3309.0
245009584,166,3412.0
245109584,166,3492.0
245209588,166,3568.0
245309588,166,3643.0
245409592,166,3718.0
245509596,166,3794.0
245609604,166,3869.0
245709604,161,3945.0
245809608,161,4018.0
245909612,161,4092.0
246009616,161,4165.0
246109616,161,4238.0
246209624,161,4311.0
246309624,161,4384.0
246409628,-201,4456.0
246509636,-201,4387.0
246609636,-201,4298.0
246709640,-201,4208.0
246809644,-201,4118.0
246909652,-201,4029.0
247009660,-201,3939.0
247109660,169,3852.0
247209660,169,3907.0
247309664,169,3983.0
247409664,169,4060.0
247509664,169,4137.0
247609672,169,4214.0
247709672,169,4290.0
247809672,244,4367.0
247909676,244,4473.0
248009684,244,4584.0
248109688,244,4695.0
248209688,244,4806.0
248309696,244,4918.0
248409696,244,5029.0
248509704,-124,5138.0
248609704,-124,5104.0
248709704,-124,5049.0
248809704,-124,4993.0
248909704,-124,4938.0
249009712,-124,4883.0
249109716,-124,4827.0
249209720,193,4773.0
249309724,193,4843.0
249409724,193,4930.0
249509724,193,5018.0
249609732,193,5106.0
249709732,193,5194.0
249809740,193,5282.0
249909748,-108,5368.0
250009752,-108,5335.0
250109752,-108,5287.0
250209752,-108,5239.0
250309756,-108,5191.0
250409756,-108,5143.0
250509756,-108,5094.0
250609760,-91,5046.0
250709760,-91,5005.0
250809760,-91,4964.0
250909764,-91,4924.0
251009764,-91,4884.0
251109772,-91,4843.0
251209776,-91,4803.0
251309784,111,4763.0
251409784,111,4802.0
251509792,111,4852.0
251609796,111,4903.0
251709808,111,4953.0
251809808,111,5003.0
251909812,111,5053.0
252009820,-165,5101.0
252109828,-165,5043.0
252209828,-165,4969.0
252309828,-165,4895.0
252409832,-165,4821.0
252509832,-165,4747.0
252609832,-165,4672.0
252709832,-87,4599.0
252809832,-87,4555.0
252909836,-87,4516.0
253009836,-87,4478.0
253109836,-87,4439.0
253209840,-87,4401.0
253309840,-87,4362.0
253409840,-143,4323.0
253509840,-143,4263.0
253609848,-143,4199.0
253709852,-143,4135.0
253809852,-143,4071.0
253909860,-143,4007.0
254009864,-143,3943.0
254109864,-220,3879.0
254209872,-220,3785.0
254309880,-220,3687.0
254409880,-220,3588.0
254509888,-220,3489.0
254609896,-220,3390.0
254709896,-220,3291.0
254809900,-146,3193.0
254909908,-146,3122.0
255009908,-146,3057.0
255109916,-146,2991.0
255209920,-146,2926.0
255309920,-146,2860.0
255409928,-146,2795.0
255509932,193,2731.0
255609932,193,2800.0
255709940,193,2888.0
255809948,193,2976.0
255909948,193,3064.0
256009948,193,3152.0
256109952,193,3240.0
256209952,-165,3325.0
256309956,-165,3271.0
256409968,-165,3197.0
256509972,-165,3123.0
256609976,-165,3049.0
256709980,-165,2975.0
256809984,-165,2901.0
256909984,214,2829.0
257009988,214,2903.0
257109992,214,3000.0
257209992,214,3098.0
257309992,214,3195.0
257409992,214,3292.0
257509996,214,3390.0
257610000,177,3487.0
257710008,177,3571.0
257810008,177,3651.0
257910008,177,3732.0
258010008,177,3812.0
258110008,177,3893.0
258210012,177,3973.0
258310012,-78,4052.0
258410012,-78,4031.0
258510016,-78,3996.0
258610020,-78,3962.0
258710020,-78,3927.0
258810028,-78,3892.0
258910028,-78,3858.0
259010028,-204,3822.0
259110044,-204,3739.0
259210052,-204,3648.0
259310060,-204,3557.0
259410064,-204,3465.0
259510072,-204,3374.0
259610072,-204,3282.0
259710076,-81,3191.0
259810076,-81,3147.0
259910076,-81,3111.0
260010084,-81,3076.0
260110084,-81,3040.0
260210084,-81,3004.0
260310088,-81,2968.0
260410096,203,2934.0
260510096,203,3011.0
260610096,203,3103.0
260710100,203,3195.0
260810108,203,3288.0
260910116,203,3380.0
261010120,203,3473.0
261110124,-60,3564.0
261210124,-60,3552.0
261310128,-60,3526.0
261410136,-60,3499.0
261510140,-60,3473.0
261610144,-60,3447.0
261710152,-60,3420.0
261810152,141,3396.0
261910156,141,3449.0
262010160,141,3513.0
262110160,141,3576.0
262210160,141,3640.0
262310168,141,3704.0
262410172,141,3768.0
262510176,129,3832.0
262610176,129,3892.0
262710184,129,3951.0
262810184,129,4009.0
262910184,129,4068.0
263010192,129,4126.0
263110192,129,4184.0
263210192,-218,4241.0
263310192,-218,4163.0
263410200,-218,4065.0
263510200,-218,3967.0
263610208,-218,3870.0
263710212,-218,3772.0
263810216,-218,3674.0
263910220,112,3578.0
264010228,112,3611.0
264110232,112,3661.0
264210236,112,3712.0
264310236,112,3763.0
264410236,112,3813.0
264510236,112,3864.0
264610240,-160,3913.0
264710248,-160,3855.0
264810252,-160,3784.0
264910252,-160,3712.0
265010256,-160,3640.0
265110260,-160,3569.0
265210264,-160,3497.0
265310268,-114,3426.0
265410276,-114,3372.0
265510276,-114,3321.0
265610276,-114,3270.0
265710276,-114,3218.0
265810284,-114,3167.0
265910284,-114,3116.0
266010284,-181,3065.0
266110288,-181,2988.0
266210288,-181,2907.0
266310292,-181,2825.0
266410296,-181,2744.0
266510304,-181,2663.0
266610304,-181,2582.0
266710304,-183,2500.0
266810304,-183,2418.0
266910304,-183,2336.0
267010312,-183,2254.0
267110312,-183,2172.0
267210312,-183,2089.0
267310316,-183,2007.0
267410316,175,1927.0
267510320,175,1987.0
267610328,175,2066.0
267710336,175,2146.0
267810336,175,2225.0
267910340,175,2305.0
268010340,175,2384.0
268110348,176,2464.0
268210352,176,2544.0
268310352,176,2624.0
268410352,176,2704.0
268510356,176,2784.0
268610356,176,2864.0
268710356,176,2944.0
268810360,199,3025.0
268910364,199,3114.0
269010368,199,3204.0
269110368,199,3295.0
269210372,199,3385.0
269310376,199,3476.0
269410376,199,3566.0
269510380,126,3657.0
269610388,126,3719.0
269710392,126,3776.0
269810396,126,3833.0
269910396,126,3890.0
270010400,126,3947.0
270110400,126,4004.0
270210404,-215,4059.0
270310404,-215,3981.0
270410404,-215,3885.0
270510412,-215,3788.0
270610416,-215,3691.0
270710416,-215,3595.0
270810416,-215,3498.0
270910420,150,3404.0
271010424,150,3453.0
271110424,150,3520.0
271210428,150,3589.0
271310432,150,3657.0
271410436,150,3725.0
271510440,150,3793.0
271610444,174,3861.0
271710448,174,3939.0
271810448,174,4018.0
271910448,174,4097.0
272010452,174,4176.0
272110452,174,4255.0
272210452,174,4334.0
272310456,-114,4412.0
272410456,-114,4375.0
272510456,-114,4324.0
272610460,-114,4273.0
272710468,-114,4221.0
272810476,-114,4170.0
272910476,-114,4119.0
273010484,226,4070.0
273110492,226,4152.0
273210496,226,4255.0
273310496,226,4358.0
273410496,226,4461.0
273510500,226,4564.0
273610500,226,4667.0
273710508,151,4770.0
273810516,151,4844.0
273910520,151,4912.0
274010528,151,4981.0
274110536,151,5050.0
274210544,151,5118.0
274310548,151,5187.0
274410548,-69,5254.0
274510552,-69,5234.0
274610556,-69,5204.0
274710560,-69,5174.0
274810564,-69,5143.0
274910576,-69,5113.0
275010584,-69,5082.0
275110584,-82,5052.0
275210592,-82,5016.0
275310592,-82,4980.0
275410592,-82,4944.0
275510596,-82,4909.0
275610596,-82,4873.0
275710596,-82,4837.0
275810596,234,4803.0
275910596,234,4890.0
276010604,234,4997.0
276110604,234,5103.0
276210604,234,5210.0
276310604,234,5317.0
276410608,234,5423.0
276510608,-240,5527.0
276610608,-240,5448.0
276710616,-240,5340.0
276810620,-240,5233.0
276910620,-240,5125.0
277010620,-240,5017.0
277110624,-240,4909.0
277210628,190,4804.0
277310628,190,4865.0
277410628,190,4951.0
277510636,190,5038.0
277610636,190,5124.0
277710636,190,5211.0
277810640,190,5297.0
277910640,-118,5381.0
278010644,-118,5344.0
278110644,-118,5291.0
278210648,-118,5238.0
278310656,-118,5186.0
278410656,-118,5133.0
278510656,-118,5080.0
278610664,-216,5027.0
278710672,-216,4936.0
278810672,-216,4839.0
278910672,-216,4742.0
279010680,-216,4645.0
279110680,-216,4548.0
279210680,-216,4451.0
279310688,-167,4354.0
279410692,-167,4276.0
279510692,-167,4201.0
279610692,-167,4126.0
279710696,-167,4051.0
279810696,-167,3976.0
279910696,-167,3901.0
280010696,139,3828.0
280110700,139,3875.0
280210704,139,3938.0
280310708,139,4001.0
280410708,139,4064.0
280510712,139,4127.0
280610720,139,4190.0
280710724,241,4254.0
280810728,241,4357.0
280910736,241,4467.0
281010736,241,4576.0
281110736,241,4686.0
281210744,241,4796.0
281310744,241,4906.0
281410744,210,5016.0
281510748,210,5114.0
281610752,210,5210.0
281710760,210,5305.0
281810760,210,5401.0
281910764,210,5497.0
282010772,210,5592.0
282110772,164,5688.0
282210772,164,5766.0
282310780,164,5840.0
282410784,164,5915.0
282510788,164,5989.0
282610792,164,6064.0
282710800,164,6139.0
282810800,-139,6211.0
282910804,-139,6165.0
283010812,-139,6103.0
283110820,-139,6041.0
283210820,-139,5978.0
283310824,-139,5916.0
283410832,-139,5854.0
283510832,-186,5791.0
283610832,-186,5711.0
283710836,-186,5627.0
283810840,-186,5544.0
283910840,-186,5460.0
284010844,-186,5377.0
284110848,-186,5293.0
284210856,197,5212.0
284310864,197,5281.0
284410872,197,5370.0
284510880,197,5459.0
284610880,197,5549.0
284710888,197,5638.0
284810892,197,5728.0
284910892,-219,5815.0
285010896,-219,5739.0
285110904,-219,5641.0
285210904,-219,5543.0
285310912,-219,5444.0
285410920,-219,5346.0
285510920,-219,5248.0
285610928,-150,5150.0
285710932,-150,5078.0
285810932,-150,5011.0
285910940,-150,4944.0
286010944,-150,4876.0
286110944,-150,4809.0
286210948,-150,4742.0
286310956,-159,4675.0
286410956,-159,4604.0
286510960,-159,4533.0
286610964,-159,4461.0
286710968,-159,4390.0
286810976,-159,4318.0
286910976,-159,4246.0
287010984,115,4177.0
287110992,115,4215.0
287210996,115,4267.0
287311004,115,4319.0
287411008,115,4371.0
287511012,115,4423.0
287611012,115,4475.0
287711016,-154,4525.0
287811016,-154,4469.0
287911016,-154,4401.0
288011020,-154,4332.0
288111024,-154,4263.0
288211024,-154,4194.0
288311032,-154,4125.0
288411032,95,4057.0
288511036,95,4087.0
288611040,95,4130.0
288711044,95,4173.0
288811044,95,4216.0
288911044,95,4259.0
289011052,95,4302.0
289111060,-144,4342.0
289211068,-144,4291.0
289311080,-144,4226.0
289411080,-144,4162.0
289511084,-144,4097.0
289611084,-144,4033.0
289711088,-144,3968.0
289811088,92,3906.0
289911092,92,3937.0
290011100,92,3978.0
290111104,92,4019.0
290211108,92,4060.0
290311112,92,4102.0
290411120,92,4143.0
290511120,-183,4183.0
290611124,-183,4116.0
290711128,-183,4034.0
290811132,-183,3951.0
290911136,-183,3869.0
291011136,-183,3787.0
291111144,-183,3705.0
291211144,-167,3623.0
291311148,-167,3547.0
291411152,-167,3472.0
291511156,-167,3397.0
291611160,-167,3322.0
291711160,-167,3247.0
291811164,-167,3172.0
291911168,-92,3098.0
292011172,-92,3052.0
292111172,-92,3011.0
292211172,-92,2970.0
292311176,-92,2929.0
292411176,-92,2888.0
292511176,-92,2847.0
292611180,176,2808.0
292711188,176,2873.0
292811188,176,2953.0
292911196,176,3033.0
293011196,176,3113.0
293111200,176,3193.0
293211208,176,3273.0
293311208,-96,3351.0
293411208,-96,3322.0
293511212,-96,3279.0
293611212,-96,3236.0
293711212,-96,3193.0
293811216,-96,3150.0
293911216,-96,3108.0
294011216,152,3066.0
294111216,152,3122.0
294211224,152,3191.0
294311224,152,3260.0
294411228,152,3329.0
294511232,152,3398.0
294611232,152,3467.0
294711240,-149,3534.0
294811248,-149,3482.0
294911248,-149,3415.0
295011252,-149,3348.0
295111256,-149,3281.0
295211256,-149,3214.0
295311260,-149,3148.0
295411264,117,3083.0
295511264,117,3122.0
295611268,117,3175.0
295711272,117,3228.0
295811276,117,3281.0
295911276,117,3334.0
296011280,117,3387.0
296111284,-173,3437.0
296211292,-173,3374.0
296311292,-173,3297.0
296411300,-173,3219.0
296511300,-173,3142.0
296611304,-173,3064.0
296711308,-173,2986.0
296811308,158,2911.0
296911312,158,2966.0
297011320,158,3038.0
297111320,158,3110.0
297211328,158,3181.0
297311328,158,3253.0
297411332,158,3325.0
297511332,191,3396.0
297611336,191,3481.0
297711344,191,3568.0
297811352,191,3655.0
297911352,191,3742.0
298011352,191,3829.0
298111352,191,3917.0
298211352,202,4004.0
298311356,202,4095.0
298411356,202,4187.0
298511364,202,4279.0
298611368,202,4371.0
298711368,202,4464.0
298811372,202,4556.0
298911376,251,4648.0
299011376,251,4759.0
299111380,251,4873.0
299211384,251,4988.0
299311384,251,5102.0
299411392,251,5217.0
299511400,251,5331.0
299611404,151,5445.0
299711408,151,5521.0
299811416,151,5590.0
299911416,151,5658.0
300011424,151,5727.0
300111432,151,5796.0
300211432,151,5864.0
300311436,93,5932.0
300411440,93,5978.0
300511444,93,6020.0
300611448,93,6062.0
300711448,93,6104.0
300811448,93,6145.0
300911456,93,6187.0
301011460,-248,6227.0
301111464,-248,6134.0
301211472,-248,6023.0
301311476,-248,5911.0
301411476,-248,5800.0
301511484,-248,5688.0
301611488,-248,5577.0
301711492,-67,5467.0
301811492,-67,5426.0
301911496,-67,5396.0
302011496,-67,5366.0
302111500,-67,5336.0
302211504,-67,5306.0
302311508,-67,5277.0
302411512,-166,5246.0
302511516,-166,5178.0
302611524,-166,5103.0
